Padded,5
Leather,10
Studded Leather,45
Hide,10
Chain Shirt,50
Scale Mail,50
Breastplate,400
Half Plate,750
Ring Mail,30
Chain Mail,75
Splint,200
Plate,1500
Shield,10
+1 Armor,500
+2 Armor,500
+3 Armor,500
Adamantine Armor,500
Animated Shield,500
Armor of Resistance,500
Armor of Vulnerability,500
Dragon Scale Mail,500
Elven Chain,500
Mithral Armor,500
Shield of Missile Attraction,500
Shield +1,500
Shield +2,500
Shield +3,500
Demon Armor,500
Dwarven Plate,500
Shield Sentinel,500